"path","ownership","supports","size_bytes","sha256"
".gitignore","Project-owned","Repository documentation or utility","50","05cd194e55ee4fa9f6cb050a576b2a5e9b437cd185477b38144cbff1caf18716"
"CITATION.cff","Project-owned","Repository documentation or utility","647","292e8fb67e65cbc392f929d73bf9d3946d86e0e50dc1148b419a342b89f8614b"
"README.md","Project-owned","Repository documentation or utility","4712","7188c3133d1643a7b61bb8f98ae23d5e5be09fcb804c045c7dbad192e4a563f5"
"analysis/requirements.txt","Project-owned","Statistical reproducibility","11","7af4d4e4619d8f1754acfe43b42d93aba75c2e2458ebeb35a161e7207949fe16"
"analysis/verify_self_optimization.py","Project-owned","Statistical reproducibility","1184","8284f2cd694186dada1cf9619b7ca6599afc5bfd0433ffadd5e475b1616b93e4"
"data/experimental/online_video_links.csv","Project-owned","Online experimental video references","472","2d5cc6af8f741fb5a2c2c90fc255557b88590568b3a88700f9f7d459c7824a0b"
"data/experimental/self_optimization_table6.csv","Project-owned","Self-Optimization Table 6","819","3b0823bc9a61e348a54bb83dd9af4e39a980a3ace202b6477e656c680bb76551"
"data/experimental/self_protection_table7_aes_validation.csv","Project-owned","Self-Protection Table 7","1249","754eb7481c0a3a2525e0731dd2ee781c9aecf9f20e883c75380d7e851a5500f3"
"data/experimental/video_manifest.csv","Project-owned","Experimental/supporting video index","1782","8c51e40cb2f5432905205e7aac1414a2d499f7d31129d431622c04f208b75628"
"data/literature_review/reported_category_framework_table2.csv","Project-owned","Literature-review method / reported mappings","8931","2774017559cda0a0cee12c436701b142fd7e21e79f9bbefa21016d2f0dbf1917"
"data/literature_review/reported_industry5_pillar_mapping_table3.csv","Project-owned","Literature-review method / reported mappings","3412","1e9d1e561d7c2af47628fa7bc5075eb4805989052d8b5fbf034affdd5423707a"
"data/literature_review/reported_smart_factory_mapping_table4.csv","Project-owned","Literature-review method / reported mappings","2123","32985ccc643a7088bfcd44c635ee4b51606ab31f6cee894a65ea64e63969825a"
"data/literature_review/search_strings.csv","Project-owned","Literature-review method / reported mappings","1269","0372d47ec79b4f6f5f5f3427dbf672fe44d3780f097a11d73e04485221c2f2e1"
"dataset_metadata.json","Project-owned","Repository documentation or utility","744","a22b85d1455bb578326793229e8b8329e20b71a0437c9df7679804359165a4a7"
"docs/EVIDENCE_MAP.md","Project-owned","Repository documentation","1206","deb60ace4fc9bad1b88b6e8118cb84fef61ac0dc2d64f2bc5e17ce576c246c6f"
"docs/GITHUB_UPLOAD.md","Project-owned","Repository documentation","1113","6abb5feaab02452aabed24954b787f50e79e96a24a742a983a4e99670f93a2b9"
"docs/PROJECT_NOTES.md","Project-owned","Repository documentation","1508","8cf502be2c7dfd02845e9501fa46a57bf1525de1be1a9e2acc54762f4216f071"
"evidence/online/README.md","Project-owned","Online experimental video references","570","c0fb247c8952c8b698ccdfc998bc9870f67e80873d725d0b2b3bec677b6c644d"
"evidence/previews/additional_dashboard_alert_demo.jpg","Project-owned","Supporting video preview","20558","e37b00ed38b2e4eac86fafd6b21cd041d5497f4154de0226e7479ea546ef2b19"
"evidence/previews/self_configuration_rviz_mapping.jpg","Project-owned","Supporting video preview","35105","bebb6ad23950ab115d5139b79c6c4c995e0a91111a15a8d60484ff7fc3147075"
"evidence/previews/self_healing_dashboard_alert_demo_1.jpg","Project-owned","Supporting video preview","15899","f2913f4e092834481531d8e885810519da81e7ad1ee29ecd5bedcc5744e01939"
"evidence/previews/self_healing_dashboard_alert_demo_2.jpg","Project-owned","Supporting video preview","15574","357b439b8b0925fb55338acaed7bc061826ac818f235c4a207c515d387474041"
"evidence/previews/self_optimization_dashboard_demo_1.jpg","Project-owned","Supporting video preview","21604","e1b6a791e45e7fa53d3cf3d6895f8d3a95d5bc2b9476750c09e09275c56d264f"
"evidence/previews/self_optimization_dashboard_demo_2.jpg","Project-owned","Supporting video preview","20220","f43fb3470589740064644c684070be89b52fa8b865e6a662f23fd8cb847efa4d"
"evidence/previews/self_protection_slam_obstacle_avoidance.jpg","Project-owned","Supporting video preview","74766","57f874dd1a2e51d7941e4e6a1ca3eb8f1333f5baa7f8454879d9676d19162562"
"evidence/videos/additional_dashboard_alert_demo.mp4","Project-owned","Experimental/supporting video evidence","147023","201ba34bb3236606ee19318fca46fcf6d70bcf0f32c9501d2c6bf79e1d9a0fee"
"evidence/videos/self_configuration_rviz_mapping.mp4","Project-owned","Experimental/supporting video evidence","491572","85eb750003bf165189a77e10d1ba2a00c7bcb076685df56dd437d46713a177b4"
"evidence/videos/self_healing_dashboard_alert_demo_1.mp4","Project-owned","Experimental/supporting video evidence","603004","6cce153737ce22cedad6fd4f1399b483763a53082aabdc10e5974dba41f4c02f"
"evidence/videos/self_healing_dashboard_alert_demo_2.mp4","Project-owned","Experimental/supporting video evidence","144636","5a6b93b264082f0cd7080b9977b3fbb3c77f389ee5f3dbb9d093e4f8f577bc16"
"evidence/videos/self_optimization_dashboard_demo_1.mp4","Project-owned","Experimental/supporting video evidence","1003025","92dc01078fab4f937ccdbcd1ac3833b620811a3a8f496c71eba045c3eba79994"
"evidence/videos/self_optimization_dashboard_demo_2.mp4","Project-owned","Experimental/supporting video evidence","1247230","cbd86f1410f21b0b1ec260589f5157f46e05442db0eecd46b244b0981866dd52"
"evidence/videos/self_protection_slam_obstacle_avoidance.mp4","Project-owned","Experimental/supporting video evidence","2060100","461d46694fe57c677307b6087e535bdd7e00d4898e991ee69c7ea6a3322adbde"
"node-red/README.md","Project-owned","Dashboard, Self-Healing, Self-Optimization, AES Self-Protection","2389","b6b8c467d720dff4d3283f7b8abe79b5a46f8ba90c8f21c88ddc851f113ba319"
"node-red/flows.json","Project-owned","Dashboard, Self-Healing, Self-Optimization, AES Self-Protection","18481","c44a688c6c55217d237086e3f3e1ce6b841081c19df9b2fff6708f4ec6e879eb"
"software/DEPENDENCIES.csv","Project-owned","Third-party dependency documentation","548","8906d65e299c42f3c6534f5945a37750f498640ea041573a9b13b90c7d0a964f"
"software/THIRD_PARTY.md","Project-owned","Third-party dependency documentation","746","576d9f2878e671860e70201999612a2ee445b2d2f3a7be70a7c548e2b9b528f6"
"software/project/mapping.py","Project-owned","Self-Configuration project software","1028","97b57fb633f3a1790f9045ff7ac2ee37592fbfe580aecf6373b64665de6238ce"
"software/project/static_mapping_save.py","Project-owned","Self-Configuration project software","1338","0e516b43bec034c8dd784af8b6b5aacfb06f1869f679bcb13efad6766979f996"
