category,technology_or_key_enabler,manuscript_reference_numbers,category_description,source
HCAI,Human-in-the-loop (HITL),"[10,11]","AI designed to keep human agency, transparency, and value alignment at the core of industrial decision cycles, shifting AI from automation-first toward worker-empowering intelligence.",Project literature-review mapping reported in manuscript Table 2
HCAI,Explainable AI (XAI),"[12,13]","AI designed to keep human agency, transparency, and value alignment at the core of industrial decision cycles, shifting AI from automation-first toward worker-empowering intelligence.",Project literature-review mapping reported in manuscript Table 2
HCAI,"Value-aligned and responsible AI (ethics, accountability, fairness)",[14],"AI designed to keep human agency, transparency, and value alignment at the core of industrial decision cycles, shifting AI from automation-first toward worker-empowering intelligence.",Project literature-review mapping reported in manuscript Table 2
HCAI,"Worker-facing AI assistance (operator guidance, recommendations, adaptive interfaces)",[15],"AI designed to keep human agency, transparency, and value alignment at the core of industrial decision cycles, shifting AI from automation-first toward worker-empowering intelligence.",Project literature-review mapping reported in manuscript Table 2
HRC,Collaborative robots (cobots),[7],"Socio-technical human-machine teamwork where robots augment (not replace) workers, prioritizing safety, ergonomics, role complementarity, and coordination.",Project literature-review mapping reported in manuscript Table 2
HRC,Safe physical & cognitive collaboration (risk-aware interaction),[16],"Socio-technical human-machine teamwork where robots augment (not replace) workers, prioritizing safety, ergonomics, role complementarity, and coordination.",Project literature-review mapping reported in manuscript Table 2
HRC,Workload sharing and role complementarity,[17],"Socio-technical human-machine teamwork where robots augment (not replace) workers, prioritizing safety, ergonomics, role complementarity, and coordination.",Project literature-review mapping reported in manuscript Table 2
HRC,"Perception for HRC (computer vision, proximity/force sensors, real-time tracking)",[16],"Socio-technical human-machine teamwork where robots augment (not replace) workers, prioritizing safety, ergonomics, role complementarity, and coordination.",Project literature-review mapping reported in manuscript Table 2
HRC,"Human-robot teaming and ML synergy (simulation, training, validation)",[17],"Socio-technical human-machine teamwork where robots augment (not replace) workers, prioritizing safety, ergonomics, role complementarity, and coordination.",Project literature-review mapping reported in manuscript Table 2
IAI,AI industrial optimization,"[18,19]","Data-driven intelligence for operational performance and continuity, including AI-enabled maintenance strategies linked to resilience, and resource efficiency.",Project literature-review mapping reported in manuscript Table 2
IAI,Predictive/prescriptive analytics,[11],"Data-driven intelligence for operational performance and continuity, including AI-enabled maintenance strategies linked to resilience, and resource efficiency.",Project literature-review mapping reported in manuscript Table 2
IAI,Anomaly detection and diagnostics,[20],"Data-driven intelligence for operational performance and continuity, including AI-enabled maintenance strategies linked to resilience, and resource efficiency.",Project literature-review mapping reported in manuscript Table 2
IAI,Adaptive control,[21],"Data-driven intelligence for operational performance and continuity, including AI-enabled maintenance strategies linked to resilience, and resource efficiency.",Project literature-review mapping reported in manuscript Table 2
IAI,Predictive / resilience-based maintenance (Maintenance 5.0),[22],"Data-driven intelligence for operational performance and continuity, including AI-enabled maintenance strategies linked to resilience, and resource efficiency.",Project literature-review mapping reported in manuscript Table 2
IAI,Federated learning (FL),[18],"Data-driven intelligence for operational performance and continuity, including AI-enabled maintenance strategies linked to resilience, and resource efficiency.",Project literature-review mapping reported in manuscript Table 2
ICPE,CPS/CPPS,"[7,17]","Integrated cyber-physical stack connecting assets and digital intelligence to enable sensing, simulation, decision support, and system-level reconfiguration, with secure and human-accessible interfaces.",Project literature-review mapping reported in manuscript Table 2
ICPE,IIoT (industrial sensing and connectivity) and real-time monitoring,[12],"Integrated cyber-physical stack connecting assets and digital intelligence to enable sensing, simulation, decision support, and system-level reconfiguration, with secure and human-accessible interfaces.",Project literature-review mapping reported in manuscript Table 2
ICPE,Edge-cloud architectures,"[12,23]","Integrated cyber-physical stack connecting assets and digital intelligence to enable sensing, simulation, decision support, and system-level reconfiguration, with secure and human-accessible interfaces.",Project literature-review mapping reported in manuscript Table 2
ICPE,Digital twins (DT) and scenario simulation,"[17,21]","Integrated cyber-physical stack connecting assets and digital intelligence to enable sensing, simulation, decision support, and system-level reconfiguration, with secure and human-accessible interfaces.",Project literature-review mapping reported in manuscript Table 2
ICPE,"Human-facing digitalization: remote assistance, intuitive interfaces, training (XR/wearables)","[12,17]","Integrated cyber-physical stack connecting assets and digital intelligence to enable sensing, simulation, decision support, and system-level reconfiguration, with secure and human-accessible interfaces.",Project literature-review mapping reported in manuscript Table 2
HA&RPA,Robotic Process Automation (RPA) for repetitive administrative/operational workflows,[22],"End-to-end automation of business/industrial workflows combining automation and AI/IoT to reduce friction, speed decisions, and standardize execution.",Project literature-review mapping reported in manuscript Table 2
HA&RPA,Workflow/event-driven orchestration and decision automation at scale,[22],"End-to-end automation of business/industrial workflows combining automation and AI/IoT to reduce friction, speed decisions, and standardize execution.",Project literature-review mapping reported in manuscript Table 2
Intralogistics,Predictive logistics,[21],"Autonomous supported internal logistics improving material flow, inventory and warehouse operations, often linked to efficiency, waste reduction, and robustness under disruptions.",Project literature-review mapping reported in manuscript Table 2
Intralogistics,Automated sorting and warehouse handling systems,[21],"Autonomous supported internal logistics improving material flow, inventory and warehouse operations, often linked to efficiency, waste reduction, and robustness under disruptions.",Project literature-review mapping reported in manuscript Table 2
Intralogistics,In-plant transport automation (AGVs/AMRs),[11],"Autonomous supported internal logistics improving material flow, inventory and warehouse operations, often linked to efficiency, waste reduction, and robustness under disruptions.",Project literature-review mapping reported in manuscript Table 2
Intralogistics,Logistics/supply-chain resilience strategies,[24],"Autonomous supported internal logistics improving material flow, inventory and warehouse operations, often linked to efficiency, waste reduction, and robustness under disruptions.",Project literature-review mapping reported in manuscript Table 2
DAM,Blockchain/DLT-enabled traceability and transparency,[21],"Distributed manufacturing coordination reducing dependence on central control, improving auditability, robustness, and network-level recovery while enabling multi-actor collaboration.",Project literature-review mapping reported in manuscript Table 2
DAM,"Smart contracts for automated, auditable execution of manufacturing agreements",[21],"Distributed manufacturing coordination reducing dependence on central control, improving auditability, robustness, and network-level recovery while enabling multi-actor collaboration.",Project literature-review mapping reported in manuscript Table 2
DAM,DAO-like governance for distributed decision-making and coordination,[19],"Distributed manufacturing coordination reducing dependence on central control, improving auditability, robustness, and network-level recovery while enabling multi-actor collaboration.",Project literature-review mapping reported in manuscript Table 2
