run,fixed_speed_operating_time_min,modulated_speed_operating_time_min,additional_operating_time_min,source
1,26,30,4,Project experimental results reported in manuscript Table 6
2,24,29,5,Project experimental results reported in manuscript Table 6
3,25,27,2,Project experimental results reported in manuscript Table 6
4,27,31,4,Project experimental results reported in manuscript Table 6
5,26,28,2,Project experimental results reported in manuscript Table 6
6,27,29,2,Project experimental results reported in manuscript Table 6
7,24,27,3,Project experimental results reported in manuscript Table 6
8,27,28,1,Project experimental results reported in manuscript Table 6
9,28,30,2,Project experimental results reported in manuscript Table 6
10,25,32,7,Project experimental results reported in manuscript Table 6
